Przyklad,Przyklad,Przyklad,Przyklad
Przyklad,Przyklad,Przyklad,Przyklad
Przyklad,Przyklad,Przyklad,Przyklad
Przyklad,Przyklad,Przyklad,Przyklad
Przyklad,Przyklad,Przyklad,Przyklad
Przyklad,Przyklad,Przyklad,Przyklad
Przyklad,Przyklad,Przyklad,Przyklad
Przyklad,Przyklad,Przyklad,Przyklad
Przyklad,Przyklad,Przyklad,Przyklad
Przyklad,Przyklad,Przyklad,Przyklad
Przyklad,Przyklad,Przyklad,Przyklad
Przyklad,Przyklad,Przyklad,Przyklad
Przyklad,Przyklad,Przyklad,Przyklad
Przyklad,Przyklad,Przyklad,Przyklad
Przyklad,Przyklad,Przyklad,Przyklad
Przyklad,Przyklad,Przyklad,Przyklad
Przyklad,Przyklad,Przyklad,Przyklad
Przyklad,Przyklad,Przyklad,Przyklad
Przyklad,Przyklad,Przyklad,Przyklad
Przyklad,Przyklad,Przyklad,Przyklad
Przyklad,Przyklad,Przyklad,Przyklad
Przyklad,Przyklad,Przyklad,Przyklad
Przyklad,Przyklad,Przyklad,Przyklad
Przyklad,Przyklad,Przyklad,Przyklad
Przyklad,Przyklad,Przyklad,Przyklad
Przyklad,Przyklad,Przyklad,Przyklad
Przyklad,Przyklad,Przyklad,Przyklad
