wzorzec,wzorzec,wzorzec,wzorzec,wzorzec,wzorzec,wzorzec
wzorzec,wzorzec,wzorzec,wzorzec,wzorzec,wzorzec,wzorzec
wzorzec,wzorzec,wzorzec,wzorzec,wzorzec,wzorzec,wzorzec
wzorzec,wzorzec,wzorzec,wzorzec,wzorzec,wzorzec,wzorzec
wzorzec,wzorzec,wzorzec,wzorzec,wzorzec,wzorzec,wzorzec
wzorzec,wzorzec,wzorzec,wzorzec,wzorzec,wzorzec,wzorzec
wzorzec,wzorzec,wzorzec,wzorzec,wzorzec,wzorzec,wzorzec
wzorzec,wzorzec,wzorzec,wzorzec,wzorzec,wzorzec,wzorzec
wzorzec,wzorzec,wzorzec,wzorzec,wzorzec,wzorzec,wzorzec
wzorzec,wzorzec,wzorzec,wzorzec,wzorzec,wzorzec,wzorzec
wzorzec,wzorzec,wzorzec,wzorzec,wzorzec,wzorzec,wzorzec
wzorzec,wzorzec,wzorzec,wzorzec,wzorzec,wzorzec,wzorzec
wzorzec,wzorzec,wzorzec,wzorzec,wzorzec,wzorzec,wzorzec
wzorzec,wzorzec,wzorzec,wzorzec,wzorzec,wzorzec,wzorzec
wzorzec,wzorzec,wzorzec,wzorzec,wzorzec,wzorzec,wzorzec
